{"v":"5.5.7","meta":{"g":"LottieFiles AE 0.1.20","a":"","k":"","d":"","tc":""},"fr":24,"ip":0,"op":173,"w":3840,"h":2160,"nm":"Healthcare Business Color","ddd":0,"assets":[],"layers":[{"ddd":0,"ind":1,"ty":4,"nm":"Healthcare Business ","sr":1,"ks":{"o":{"a":0,"k":100,"ix":11},"r":{"a":0,"k":0,"ix":10},"p":{"a":0,"k":[1920,1080,0],"ix":2},"a":{"a":0,"k":[1920,1080,0],"ix":1},"s":{"a":0,"k":[100,100,100],"ix":6}},"ao":0,"shapes":[{"ty":"gr","it":[{"ty":"gr","it":[{"ind":0,"ty":"sh","ix":1,"ks":{"a":0,"k":{"i":[[0,0],[0,0],[-10.477,31.268],[0,0],[-2.315,-21.511],[0,0],[0,0],[-5.215,-17.416],[0,0],[-12.491,33.182],[0,0],[-19.611,0],[0,0],[0,0],[-5.349,-24.574],[0,0],[-23.931,0],[0,0]],"o":[[0,0],[32.977,0],[0,0],[6.874,-20.515],[0,0],[0,0],[18.179,0],[0,0],[10.17,33.966],[0,0],[6.909,-18.354],[0,0],[0,0],[7.694,-23.944],[0,0],[5.091,23.383],[0,0],[0,0]],"v":[[-749.5,-6.923],[-506.403,-6.923],[-433.662,-59.265],[-369.86,-249.674],[-330.705,-245.426],[-305.046,-6.923],[-211.757,-6.923],[-172.338,22.423],[-108.817,234.581],[-38.67,237.007],[41.675,23.582],[85.754,-6.923],[212.602,-6.923],[285.476,-233.701],[332.938,-231.407],[373.085,-46.982],[422.803,-6.923],[749.5,-6.923]],"c":false},"ix":2},"nm":"Path 1","mn":"ADBE Vector Shape - Group","hd":false},{"ty":"tm","s":{"a":1,"k":[{"i":{"x":[0.667],"y":[1]},"o":{"x":[0.333],"y":[0]},"t":0,"s":[0]},{"i":{"x":[0.667],"y":[1]},"o":{"x":[0.333],"y":[0]},"t":21,"s":[100]},{"i":{"x":[0.667],"y":[1]},"o":{"x":[0.333],"y":[0]},"t":27,"s":[100]},{"i":{"x":[0.667],"y":[1]},"o":{"x":[0.333],"y":[0]},"t":28,"s":[0]},{"i":{"x":[0.833],"y":[1]},"o":{"x":[0.333],"y":[0]},"t":48,"s":[100]},{"i":{"x":[0.667],"y":[1]},"o":{"x":[0.333],"y":[0]},"t":50,"s":[0]},{"i":{"x":[0.667],"y":[1]},"o":{"x":[0.333],"y":[0]},"t":71,"s":[100]},{"i":{"x":[0.667],"y":[1]},"o":{"x":[0.333],"y":[0]},"t":77,"s":[100]},{"i":{"x":[0.667],"y":[1]},"o":{"x":[0.333],"y":[0]},"t":78,"s":[0]},{"i":{"x":[0.667],"y":[1]},"o":{"x":[0.333],"y":[0]},"t":98,"s":[100]},{"i":{"x":[0.667],"y":[1]},"o":{"x":[0.333],"y":[0]},"t":101,"s":[0]},{"i":{"x":[0.833],"y":[1]},"o":{"x":[0.333],"y":[0]},"t":121,"s":[100]},{"i":{"x":[0.667],"y":[1]},"o":{"x":[0.333],"y":[0]},"t":123,"s":[0]},{"i":{"x":[0.667],"y":[1]},"o":{"x":[0.333],"y":[0]},"t":144,"s":[100]},{"i":{"x":[0.667],"y":[1]},"o":{"x":[0.333],"y":[0]},"t":150,"s":[100]},{"i":{"x":[0.667],"y":[1]},"o":{"x":[0.333],"y":[0]},"t":151,"s":[0]},{"t":171,"s":[100]}],"ix":1},"e":{"a":1,"k":[{"i":{"x":[0.667],"y":[1]},"o":{"x":[0.333],"y":[0]},"t":21,"s":[0]},{"i":{"x":[0.667],"y":[1]},"o":{"x":[0.333],"y":[0]},"t":27,"s":[100]},{"i":{"x":[0.667],"y":[1]},"o":{"x":[0.333],"y":[0]},"t":28,"s":[0]},{"i":{"x":[0.667],"y":[1]},"o":{"x":[0.333],"y":[0]},"t":71,"s":[0]},{"i":{"x":[0.667],"y":[1]},"o":{"x":[0.333],"y":[0]},"t":77,"s":[100]},{"i":{"x":[0.667],"y":[1]},"o":{"x":[0.333],"y":[0]},"t":78,"s":[0]},{"i":{"x":[0.667],"y":[1]},"o":{"x":[0.333],"y":[0]},"t":101,"s":[0]},{"i":{"x":[0.667],"y":[1]},"o":{"x":[0.333],"y":[0]},"t":144,"s":[0]},{"i":{"x":[0.667],"y":[1]},"o":{"x":[0.333],"y":[0]},"t":150,"s":[100]},{"t":151,"s":[0]}],"ix":2},"o":{"a":0,"k":0,"ix":3},"m":1,"ix":2,"nm":"Trim Paths 1","mn":"ADBE Vector Filter - Trim","hd":false},{"ty":"tr","p":{"a":0,"k":[1920.5,1083.123],"ix":2},"a":{"a":0,"k":[0,0],"ix":1},"s":{"a":0,"k":[100,100],"ix":3},"r":{"a":0,"k":0,"ix":6},"o":{"a":0,"k":100,"ix":7},"sk":{"a":0,"k":0,"ix":4},"sa":{"a":0,"k":0,"ix":5},"nm":"Transform"}],"nm":"line","np":2,"cix":2,"bm":0,"ix":1,"mn":"ADBE Vector Group","hd":false},{"ty":"gr","it":[{"ty":"gr","it":[{"ind":0,"ty":"sh","ix":1,"ks":{"a":0,"k":{"i":[[0,0],[0,0],[181.916,273.757]],"o":[[-182.426,271.863],[0,0],[0,0]],"v":[[501.979,-251.116],[1.495,255.594],[-501.979,-255.594]],"c":false},"ix":2},"nm":"Path 1","mn":"ADBE Vector Shape - Group","hd":false},{"ty":"tm","s":{"a":1,"k":[{"i":{"x":[0.258],"y":[1]},"o":{"x":[0.333],"y":[0]},"t":0,"s":[100]},{"i":{"x":[0.258],"y":[1]},"o":{"x":[0.167],"y":[0]},"t":17,"s":[0]},{"i":{"x":[0.258],"y":[1]},"o":{"x":[0.167],"y":[0]},"t":67,"s":[0]},{"t":140,"s":[0]}],"ix":1},"e":{"a":0,"k":100,"ix":2},"o":{"a":0,"k":0,"ix":3},"m":1,"ix":2,"nm":"Trim Paths 1","mn":"ADBE Vector Filter - Trim","hd":false},{"ty":"tr","p":{"a":0,"k":[1903.4,1401.096],"ix":2},"a":{"a":0,"k":[0,0],"ix":1},"s":{"a":0,"k":[100,100],"ix":3},"r":{"a":0,"k":0,"ix":6},"o":{"a":0,"k":100,"ix":7},"sk":{"a":0,"k":0,"ix":4},"sa":{"a":0,"k":0,"ix":5},"nm":"Transform"}],"nm":"Group 2","np":2,"cix":2,"bm":0,"ix":1,"mn":"ADBE Vector Group","hd":false},{"ty":"gr","it":[{"ind":0,"ty":"sh","ix":1,"ks":{"a":0,"k":{"i":[[0,0],[-8.703,29.944],[-0.83,35.451],[0,2.717],[196.868,0],[0,0],[196.868,0],[0,-172.663],[-0.068,-2.7],[-17.697,-48.479]],"o":[[14.042,-30.036],[10.58,-36.398],[0.068,-2.7],[0,-172.663],[-196.869,0],[0,0],[-196.868,0],[0,2.717],[1.102,47.066],[0,0]],"v":[[573.135,259.424],[607.537,169.331],[625.163,61.334],[625.268,53.21],[312.636,-259.424],[0.001,-23.132],[-312.635,-259.424],[-625.268,53.21],[-625.163,61.334],[-595.769,205.171]],"c":false},"ix":2},"nm":"Path 1","mn":"ADBE Vector Shape - Group","hd":false},{"ty":"tm","s":{"a":1,"k":[{"i":{"x":[0.258],"y":[1]},"o":{"x":[0.333],"y":[0]},"t":0,"s":[100]},{"i":{"x":[0.258],"y":[1]},"o":{"x":[0.167],"y":[0]},"t":17,"s":[0]},{"i":{"x":[0.258],"y":[1]},"o":{"x":[0.167],"y":[0]},"t":67,"s":[0]},{"t":140,"s":[0]}],"ix":1},"e":{"a":0,"k":100,"ix":2},"o":{"a":0,"k":0,"ix":3},"m":1,"ix":2,"nm":"Trim Paths 1","mn":"ADBE Vector Filter - Trim","hd":false},{"ty":"tr","p":{"a":0,"k":[1903.39,763.733],"ix":2},"a":{"a":0,"k":[0,0],"ix":1},"s":{"a":0,"k":[100,100],"ix":3},"r":{"a":0,"k":0,"ix":6},"o":{"a":0,"k":100,"ix":7},"sk":{"a":0,"k":0,"ix":4},"sa":{"a":0,"k":0,"ix":5},"nm":"Transform"}],"nm":"Group 3","np":2,"cix":2,"bm":0,"ix":2,"mn":"ADBE Vector Group","hd":false},{"ty":"tr","p":{"a":0,"k":[1903.39,1080.5],"ix":2},"a":{"a":0,"k":[1903.39,1080.5],"ix":1},"s":{"a":1,"k":[{"i":{"x":[0.4,0.4],"y":[1,1]},"o":{"x":[0.333,0.333],"y":[0,0]},"t":0.118,"s":[100,100]},{"i":{"x":[0.4,0.4],"y":[1,1]},"o":{"x":[0.6,0.6],"y":[0,0]},"t":12,"s":[110,110]},{"i":{"x":[0.4,0.4],"y":[1,1]},"o":{"x":[0.6,0.6],"y":[0,0]},"t":24,"s":[100,100]},{"i":{"x":[0.667,0.667],"y":[1,1]},"o":{"x":[0.6,0.6],"y":[0,0]},"t":36,"s":[110,110]},{"i":{"x":[0.667,0.667],"y":[1,1]},"o":{"x":[0.333,0.333],"y":[0,0]},"t":48.118,"s":[100,100]},{"i":{"x":[0.4,0.4],"y":[1,1]},"o":{"x":[0.333,0.333],"y":[0,0]},"t":50.118,"s":[100,100]},{"i":{"x":[0.4,0.4],"y":[1,1]},"o":{"x":[0.6,0.6],"y":[0,0]},"t":62,"s":[110,110]},{"i":{"x":[0.4,0.4],"y":[1,1]},"o":{"x":[0.6,0.6],"y":[0,0]},"t":74,"s":[100,100]},{"i":{"x":[0.667,0.667],"y":[1,1]},"o":{"x":[0.6,0.6],"y":[0,0]},"t":86,"s":[110,110]},{"i":{"x":[0.4,0.4],"y":[1,1]},"o":{"x":[0.333,0.333],"y":[0,0]},"t":98.118,"s":[100,100]},{"i":{"x":[0.667,0.667],"y":[1,1]},"o":{"x":[0.6,0.6],"y":[0,0]},"t":109,"s":[110,110]},{"i":{"x":[0.667,0.667],"y":[1,1]},"o":{"x":[0.333,0.333],"y":[0,0]},"t":121.118,"s":[100,100]},{"i":{"x":[0.4,0.4],"y":[1,1]},"o":{"x":[0.333,0.333],"y":[0,0]},"t":123.118,"s":[100,100]},{"i":{"x":[0.4,0.4],"y":[1,1]},"o":{"x":[0.6,0.6],"y":[0,0]},"t":135,"s":[110,110]},{"i":{"x":[0.4,0.4],"y":[1,1]},"o":{"x":[0.6,0.6],"y":[0,0]},"t":147,"s":[100,100]},{"i":{"x":[0.667,0.667],"y":[1,1]},"o":{"x":[0.6,0.6],"y":[0,0]},"t":159,"s":[110,110]},{"t":171.1181640625,"s":[100,100]}],"ix":3},"r":{"a":0,"k":0,"ix":6},"o":{"a":0,"k":100,"ix":7},"sk":{"a":0,"k":0,"ix":4},"sa":{"a":0,"k":0,"ix":5},"nm":"Transform"}],"nm":"heart","np":2,"cix":2,"bm":0,"ix":2,"mn":"ADBE Vector Group","hd":false},{"ty":"tr","p":{"a":0,"k":[1920.5,1080.5],"ix":2},"a":{"a":0,"k":[1920.5,1080.5],"ix":1},"s":{"a":0,"k":[100,100],"ix":3},"r":{"a":0,"k":0,"ix":6},"o":{"a":0,"k":100,"ix":7},"sk":{"a":0,"k":0,"ix":4},"sa":{"a":0,"k":0,"ix":5},"nm":"Transform"}],"nm":"All","np":2,"cix":2,"bm":0,"ix":1,"mn":"ADBE Vector Group","hd":false},{"ty":"st","c":{"a":0,"k":[0.2627450980392157,0.7450980392156863,0.7176470588235294,1],"ix":3},"o":{"a":0,"k":100,"ix":4},"w":{"a":0,"k":30,"ix":5},"lc":2,"lj":1,"ml":4,"bm":0,"nm":"Stroke","mn":"ADBE Vector Graphic - Stroke","hd":false}],"ip":0,"op":173,"st":0,"bm":0}],"markers":[{"tm":48,"cm":"1","dr":0},{"tm":144,"cm":"2","dr":0}]}